GSNAP,HISAT2,Novoalign,STAR,TopHat2
0.697092,0.869144,0.984653,0.991922,0.753635
0.294023,0.0961228,0.281099,0.156704,0.0799677
0.357835,0.333603,0.399838,0.397415,0.247981
0,0,0.00242326,0,0
0,0,0,0,0
