Aligner,n_soft,n_mapped,mapped_prc
TopHap2,0,1101,0.341289523
HISAT2,134,1370,0.42467452
STAR,324,1676,0.519528828
GSNAP,378,1432,0.443893366
Novoalign,886,1824,0.565406076
